"","Time","TimeEDT","TemperatureF","Dew_PointF","Humidity","Sea_Level_PressureIn","VisibilityMPH","Wind_Direction","Wind_SpeedMPH","Gust_SpeedMPH","PrecipitationIn","Events","Conditions","WindDirDegrees","DateUTC"
"1",2016-10-01 00:05:00,"12:05 AM",57.9,57,97,30.35,10,"NE","15","-","0.00","Rain","Light Rain",50,"2016-10-01 04:05:00"
"2",2016-10-01 00:29:00,"12:29 AM",57.9,57,97,30.34,10,"NE","15","-","0.00","","Overcast",50,"2016-10-01 04:29:00"
"3",2016-10-01 00:54:00,"12:54 AM",57.9,57,97,30.34,6,"NE","18.4","-","0.00","Rain","Light Rain",50,"2016-10-01 04:54:00"
"4",2016-10-01 01:16:00,"1:16 AM",57.9,57,97,30.34,2.5,"NE","19.6","-","0.01","Rain","Rain",50,"2016-10-01 05:16:00"
"5",2016-10-01 01:23:00,"1:23 AM",57.9,57,97,30.34,3,"NE","18.4","-","0.02","Rain","Light Rain",50,"2016-10-01 05:23:00"
"6",2016-10-01 01:54:00,"1:54 AM",57.9,57,97,30.33,2.5,"NE","16.1","-","0.08","Rain","Heavy Rain",50,"2016-10-01 05:54:00"
"7",2016-10-01 02:03:00,"2:03 AM",57.9,57,97,30.33,4,"ENE","18.4","-","0.01","Rain","Light Rain",60,"2016-10-01 06:03:00"
"8",2016-10-01 02:10:00,"2:10 AM",57.9,57,97,30.33,4,"NE","17.3","-","0.02","Rain","Light Rain",50,"2016-10-01 06:10:00"
"9",2016-10-01 02:43:00,"2:43 AM",57.9,57,97,30.32,6,"NE","17.3","24.2","0.04","Rain","Light Rain",50,"2016-10-01 06:43:00"
"10",2016-10-01 02:54:00,"2:54 AM",57.9,57,97,30.31,5,"NE","16.1","-","0.04","Rain","Light Rain",50,"2016-10-01 06:54:00"
"11",2016-10-01 03:21:00,"3:21 AM",57,57,100,30.31,3,"NE","19.6","-","0.01","Rain","Light Rain",50,"2016-10-01 07:21:00"
"12",2016-10-01 03:54:00,"3:54 AM",57,57,100,30.3,4,"NE","18.4","27.6","0.02","Rain","Light Rain",50,"2016-10-01 07:54:00"
"13",2016-10-01 04:16:00,"4:16 AM",57,57,100,30.3,6,"NE","18.4","-","0.01","Rain","Light Rain",50,"2016-10-01 08:16:00"
"14",2016-10-01 04:54:00,"4:54 AM",57,57,100,30.3,2.5,"NE","15","-","0.02","Rain","Light Rain",50,"2016-10-01 08:54:00"
"15",2016-10-01 05:19:00,"5:19 AM",57,57,100,30.3,4,"NE","17.3","-","0.07","Rain","Light Rain",50,"2016-10-01 09:19:00"
"16",2016-10-01 05:54:00,"5:54 AM",57,57,100,30.31,2.5,"NE","18.4","24.2","0.09","Rain","Light Rain",50,"2016-10-01 09:54:00"
"17",2016-10-01 06:17:00,"6:17 AM",57,57,100,30.31,3,"NE","16.1","-","0.02","Rain","Light Rain",40,"2016-10-01 10:17:00"
"18",2016-10-01 06:30:00,"6:30 AM",57,57,100,30.31,2.5,"NE","13.8","23.0","0.04","Rain","Light Rain",40,"2016-10-01 10:30:00"
"19",2016-10-01 06:39:00,"6:39 AM",57,57,100,30.31,3,"NE","17.3","-","0.05","Rain","Light Rain",40,"2016-10-01 10:39:00"
"20",2016-10-01 06:54:00,"6:54 AM",57,57,100,30.3,4,"NE","15","24.2","0.05","Rain","Light Rain",40,"2016-10-01 10:54:00"
"21",2016-10-01 07:47:00,"7:47 AM",55.9,55.9,100,30.31,2,"NE","13.8","-","0.12","Rain","Heavy Rain",40,"2016-10-01 11:47:00"
"22",2016-10-01 07:54:00,"7:54 AM",55.9,55.9,100,30.31,2.5,"NE","12.7","-","0.15","Rain","Heavy Rain",40,"2016-10-01 11:54:00"
"23",2016-10-01 08:04:00,"8:04 AM",55.9,55.9,100,30.31,4,"NNE","16.1","-","0.02","Rain","Light Rain",30,"2016-10-01 12:04:00"
"24",2016-10-01 08:51:00,"8:51 AM",55.9,55.9,100,30.31,4,"NNE","15","-","0.07","Rain","Heavy Rain",30,"2016-10-01 12:51:00"
"25",2016-10-01 08:58:00,"8:58 AM",55.9,55.9,100,30.31,2.5,"NNE","16.1","-","0.01","Rain","Rain",30,"2016-10-01 12:58:00"
"26",2016-10-01 09:24:00,"9:24 AM",55.9,55.9,100,30.31,3,"NE","16.1","-","0.03","Rain","Rain",40,"2016-10-01 13:24:00"
"27",2016-10-01 09:54:00,"9:54 AM",55.9,55.9,100,30.3,3,"NNE","16.1","-","0.13","Rain","Light Rain",30,"2016-10-01 13:54:00"
"28",2016-10-01 10:08:00,"10:08 AM",57,55.9,96,30.29,8,"NNE","15","-","0.00","Rain","Light Rain",30,"2016-10-01 14:08:00"
"29",2016-10-01 10:54:00,"10:54 AM",57,57,100,30.29,5,"NE","16.1","-","0.00","","Overcast",40,"2016-10-01 14:54:00"
"30",2016-10-01 11:02:00,"11:02 AM",57,57,100,30.29,5,"NNE","15","-","N/A","","Overcast",30,"2016-10-01 15:02:00"
"31",2016-10-01 11:54:00,"11:54 AM",57.9,57,97,30.28,2.5,"NNE","13.8","-","0.00","","Light Drizzle",30,"2016-10-01 15:54:00"
"32",2016-10-01 12:26:00,"12:26 PM",57.9,57.9,100,30.27,1.5,"NE","13.8","-","0.01","Rain","Light Rain",40,"2016-10-01 16:26:00"
"33",2016-10-01 12:54:00,"12:54 PM",57.9,57.9,100,30.26,1.5,"NNE","16.1","-","0.01","","Light Drizzle",30,"2016-10-01 16:54:00"
"34",2016-10-01 13:54:00,"1:54 PM",57.9,57.9,100,30.24,1,"NNE","15","-","0.01","Rain","Light Rain",20,"2016-10-01 17:54:00"
"35",2016-10-01 14:54:00,"2:54 PM",57,57,100,30.24,1,"NNE","16.1","-","0.02","Rain","Light Rain",20,"2016-10-01 18:54:00"
"36",2016-10-01 15:54:00,"3:54 PM",55.9,55.9,100,30.24,1,"NNE","17.3","-","0.00","Rain","Light Rain",20,"2016-10-01 19:54:00"
"37",2016-10-01 16:54:00,"4:54 PM",55,55,100,30.24,1,"NNE","15","-","0.00","","Light Drizzle",20,"2016-10-01 20:54:00"
"38",2016-10-01 17:54:00,"5:54 PM",55,55,100,30.21,1,"NNE","18.4","-","0.01","","Overcast",20,"2016-10-01 21:54:00"
"39",2016-10-01 18:54:00,"6:54 PM",55.9,55,97,30.22,1,"NNE","15","-","0.00","Rain","Light Rain",20,"2016-10-01 22:54:00"
"40",2016-10-01 18:57:00,"6:57 PM",55.9,55,97,30.21,3,"NNE","16.1","-","0.00","","Overcast",30,"2016-10-01 22:57:00"
"41",2016-10-01 19:17:00,"7:17 PM",55.9,55,97,30.2,2.5,"NNE","16.1","-","0.00","","Light Drizzle",20,"2016-10-01 23:17:00"
"42",2016-10-01 19:54:00,"7:54 PM",55.9,55.9,100,30.2,3,"NE","16.1","-","0.00","Rain","Light Rain",40,"2016-10-01 23:54:00"
"43",2016-10-01 20:54:00,"8:54 PM",55,54,96,30.21,3,"NNE","20.7","29.9","0.01","","Overcast",30,"2016-10-02 00:54:00"
"44",2016-10-01 21:54:00,"9:54 PM",55,53.1,93,30.2,3,"NNE","16.1","-","N/A","","Overcast",20,"2016-10-02 01:54:00"
"45",2016-10-01 22:34:00,"10:34 PM",55,54,96,30.18,3,"NNE","16.1","-","N/A","","Overcast",30,"2016-10-02 02:34:00"
"46",2016-10-01 22:54:00,"10:54 PM",55,55,100,30.18,3,"NNE","16.1","-","N/A","","Overcast",30,"2016-10-02 02:54:00"
"47",2016-10-01 23:54:00,"11:54 PM",55,55,100,30.18,2.5,"North","11.5","-","0.00","","Light Drizzle",10,"2016-10-02 03:54:00"
"48",2016-10-02 00:14:00,"12:14 AM",55.9,55,97,30.18,3,"NNE","11.5","-","0.00","","Light Drizzle",20,"2016-10-02 04:14:00"
"49",2016-10-02 00:54:00,"12:54 AM",55,55,100,30.17,3,"NNW","9.2","-","0.00","","Light Drizzle",340,"2016-10-02 04:54:00"
"50",2016-10-02 01:10:00,"1:10 AM",54,54,100,30.16,2.5,"North","9.2","-","0.00","","Light Drizzle",350,"2016-10-02 05:10:00"
"51",2016-10-02 01:54:00,"1:54 AM",54,54,100,30.17,2.5,"NNW","9.2","-","0.00","Rain","Light Rain",330,"2016-10-02 05:54:00"
"52",2016-10-02 02:54:00,"2:54 AM",53.1,53.1,100,30.15,2.5,"North","10.4","-","0.01","Rain","Light Rain",350,"2016-10-02 06:54:00"
"53",2016-10-02 03:54:00,"3:54 AM",53.1,53.1,100,30.16,2.5,"NNW","8.1","-","0.01","Rain","Light Rain",340,"2016-10-02 07:54:00"
"54",2016-10-02 04:46:00,"4:46 AM",54,54,100,30.15,2,"North","8.1","-","0.01","Rain","Light Rain",350,"2016-10-02 08:46:00"
"55",2016-10-02 04:54:00,"4:54 AM",54,54,100,30.15,2,"North","10.4","-","0.01","","Light Drizzle",10,"2016-10-02 08:54:00"
"56",2016-10-02 05:51:00,"5:51 AM",53.6,53.6,100,30.14,3,"NNE","13.8","-","0.00","","Light Drizzle",20,"2016-10-02 09:51:00"
"57",2016-10-02 05:54:00,"5:54 AM",54,54,100,30.14,3,"NNE","12.7","-","0.00","","Overcast",20,"2016-10-02 09:54:00"
"58",2016-10-02 06:01:00,"6:01 AM",54,54,100,30.14,3,"NNE","15.0","-","N/A","","Overcast",20,"2016-10-02 10:01:00"
"59",2016-10-02 06:54:00,"6:54 AM",54,54,100,30.14,3,"NNE","15.0","-","N/A","","Overcast",20,"2016-10-02 10:54:00"
"60",2016-10-02 07:54:00,"7:54 AM",54,53.1,97,30.15,3,"NNE","12.7","-","N/A","","Overcast",30,"2016-10-02 11:54:00"
"61",2016-10-02 08:23:00,"8:23 AM",54,54,100,30.15,2.5,"NNE","11.5","-","N/A","","Overcast",30,"2016-10-02 12:23:00"
"62",2016-10-02 08:54:00,"8:54 AM",54,54,100,30.15,2,"NE","15.0","-","N/A","","Overcast",40,"2016-10-02 12:54:00"
"63",2016-10-02 09:54:00,"9:54 AM",55,54,96,30.14,7,"NNE","9.2","-","N/A","","Overcast",30,"2016-10-02 13:54:00"
"64",2016-10-02 10:54:00,"10:54 AM",55.9,54,93,30.13,10,"NNE","11.5","-","N/A","","Overcast",20,"2016-10-02 14:54:00"
"65",2016-10-02 11:25:00,"11:25 AM",55.9,54,93,30.12,10,"NNE","11.5","-","N/A","","Overcast",30,"2016-10-02 15:25:00"
"66",2016-10-02 11:54:00,"11:54 AM",55.9,54,93,30.12,10,"NNE","11.5","-","N/A","","Overcast",30,"2016-10-02 15:54:00"
"67",2016-10-02 12:54:00,"12:54 PM",55.9,54,93,30.11,10,"NNE","6.9","-","N/A","","Overcast",20,"2016-10-02 16:54:00"
"68",2016-10-02 13:30:00,"1:30 PM",55.9,54,93,30.1,10,"North","6.9","-","N/A","","Overcast",360,"2016-10-02 17:30:00"
"69",2016-10-02 13:54:00,"1:54 PM",57,54,89,30.1,10,"NNE","5.8","-","N/A","","Overcast",30,"2016-10-02 17:54:00"
"70",2016-10-02 14:41:00,"2:41 PM",55.9,55,97,30.09,5,"NNE","5.8","-","0.00","","Light Drizzle",20,"2016-10-02 18:41:00"
"71",2016-10-02 14:50:00,"2:50 PM",55.4,53.6,94,30.09,9,"NE","5.8","-","0.00","","Light Drizzle",40,"2016-10-02 18:50:00"
"72",2016-10-02 14:54:00,"2:54 PM",55.9,54,93,30.08,10,"NE","5.8","-","0.00","","Light Drizzle",40,"2016-10-02 18:54:00"
"73",2016-10-02 15:12:00,"3:12 PM",55.9,54,93,30.08,10,"ENE","6.9","-","0.00","","Overcast",60,"2016-10-02 19:12:00"
"74",2016-10-02 15:54:00,"3:54 PM",57,54,89,30.07,10,"NNE","6.9","-","0.00","","Overcast",30,"2016-10-02 19:54:00"
"75",2016-10-02 16:54:00,"4:54 PM",57,53.1,87,30.07,10,"NNE","3.5","-","N/A","","Overcast",20,"2016-10-02 20:54:00"
"76",2016-10-02 17:54:00,"5:54 PM",55.9,54,93,30.06,10,"ENE","3.5","-","N/A","","Overcast",70,"2016-10-02 21:54:00"
"77",2016-10-02 18:54:00,"6:54 PM",57,54,89,30.06,10,"NNE","3.5","-","N/A","","Overcast",20,"2016-10-02 22:54:00"
"78",2016-10-02 19:54:00,"7:54 PM",55.9,54,93,30.06,10,"Variable","4.6","-","N/A","","Overcast",0,"2016-10-02 23:54:00"
"79",2016-10-02 20:54:00,"8:54 PM",55.9,54,93,30.04,10,"Calm","Calm","-","N/A","","Overcast",0,"2016-10-03 00:54:00"
"80",2016-10-02 21:35:00,"9:35 PM",55.9,54,93,30.04,10,"Calm","Calm","-","N/A","","Overcast",0,"2016-10-03 01:35:00"
"81",2016-10-02 21:54:00,"9:54 PM",55.9,54,93,30.04,10,"Calm","Calm","-","N/A","","Overcast",0,"2016-10-03 01:54:00"
"82",2016-10-02 22:18:00,"10:18 PM",55.9,54,93,30.03,10,"Calm","Calm","-","N/A","","Overcast",0,"2016-10-03 02:18:00"
"83",2016-10-02 22:54:00,"10:54 PM",57,54,89,30.03,10,"Variable","4.6","-","N/A","","Overcast",0,"2016-10-03 02:54:00"
"84",2016-10-02 23:25:00,"11:25 PM",55.9,54,93,30.03,10,"SW","6.9","-","N/A","","Overcast",230,"2016-10-03 03:25:00"
"85",2016-10-02 23:54:00,"11:54 PM",55.9,54,93,30.03,10,"SW","4.6","-","N/A","","Overcast",230,"2016-10-03 03:54:00"
"86",2016-10-03 00:10:00,"12:10 AM",55.9,54,93,30.02,10,"WNW","4.6","-","N/A",NA,"Overcast",290,"2016-10-03 04:10:00"
"87",2016-10-03 00:54:00,"12:54 AM",55.9,54,93,30.01,9,"Variable","5.8","-","N/A",NA,"Overcast",0,"2016-10-03 04:54:00"
"88",2016-10-03 01:54:00,"1:54 AM",55.9,54,93,30,10,"South","6.9","-","N/A",NA,"Overcast",190,"2016-10-03 05:54:00"
"89",2016-10-03 02:54:00,"2:54 AM",55.9,54,93,29.99,10,"WSW","6.9","-","N/A",NA,"Overcast",240,"2016-10-03 06:54:00"
"90",2016-10-03 03:15:00,"3:15 AM",55.9,55,97,29.99,10,"SW","6.9","-","N/A",NA,"Overcast",230,"2016-10-03 07:15:00"
"91",2016-10-03 03:23:00,"3:23 AM",55.9,55,97,29.99,9,"SW","6.9","-","N/A",NA,"Overcast",220,"2016-10-03 07:23:00"
"92",2016-10-03 03:54:00,"3:54 AM",55.9,55,97,29.99,9,"SW","8.1","-","N/A",NA,"Overcast",230,"2016-10-03 07:54:00"
"93",2016-10-03 04:17:00,"4:17 AM",55.9,55,97,29.98,10,"SW","8.1","-","N/A",NA,"Overcast",230,"2016-10-03 08:17:00"
"94",2016-10-03 04:54:00,"4:54 AM",55.9,55,97,29.98,10,"West","8.1","-","N/A",NA,"Overcast",270,"2016-10-03 08:54:00"
"95",2016-10-03 05:21:00,"5:21 AM",57,55,93,29.98,10,"West","10.4","-","N/A",NA,"Overcast",270,"2016-10-03 09:21:00"
"96",2016-10-03 05:54:00,"5:54 AM",57,55,93,29.97,10,"WSW","8.1","-","N/A",NA,"Overcast",250,"2016-10-03 09:54:00"
"97",2016-10-03 06:33:00,"6:33 AM",57,55,93,29.98,10,"WSW","6.9","-","N/A",NA,"Mostly Cloudy",250,"2016-10-03 10:33:00"
"98",2016-10-03 06:54:00,"6:54 AM",57.9,55,90,29.98,10,"WSW","8.1","-","N/A",NA,"Mostly Cloudy",240,"2016-10-03 10:54:00"
"99",2016-10-03 07:54:00,"7:54 AM",57.9,55.9,93,29.99,10,"SW","6.9","-","N/A",NA,"Mostly Cloudy",220,"2016-10-03 11:54:00"
"100",2016-10-03 08:54:00,"8:54 AM",62.1,55.9,80,29.99,10,"WNW","8.1","-","N/A",NA,"Scattered Clouds",300,"2016-10-03 12:54:00"
"101",2016-10-03 09:54:00,"9:54 AM",64,55.9,75,30,10,"Variable","5.8","-","N/A",NA,"Partly Cloudy",0,"2016-10-03 13:54:00"
"102",2016-10-03 10:54:00,"10:54 AM",66,55.9,70,30.01,10,"Variable","4.6","-","N/A",NA,"Partly Cloudy",0,"2016-10-03 14:54:00"
"103",2016-10-03 11:54:00,"11:54 AM",66.9,57.9,73,30.01,10,"East","5.8","-","N/A",NA,"Scattered Clouds",80,"2016-10-03 15:54:00"
"104",2016-10-03 12:54:00,"12:54 PM",66,57,73,30.01,10,"SE","8.1","-","N/A",NA,"Partly Cloudy",130,"2016-10-03 16:54:00"
"105",2016-10-03 13:54:00,"1:54 PM",64.9,57.9,78,30.02,10,"East","9.2","-","N/A",NA,"Partly Cloudy",80,"2016-10-03 17:54:00"
"106",2016-10-03 14:54:00,"2:54 PM",64,55.9,75,30.02,10,"East","9.2","-","N/A",NA,"Mostly Cloudy",80,"2016-10-03 18:54:00"
"107",2016-10-03 15:54:00,"3:54 PM",64,55.9,75,30.02,10,"East","10.4","-","N/A",NA,"Scattered Clouds",90,"2016-10-03 19:54:00"
"108",2016-10-03 16:54:00,"4:54 PM",62.1,57,84,30.05,10,"East","10.4","-","N/A",NA,"Partly Cloudy",90,"2016-10-03 20:54:00"
"109",2016-10-03 17:54:00,"5:54 PM",59,57,93,30.07,10,"East","5.8","-","N/A",NA,"Mostly Cloudy",90,"2016-10-03 21:54:00"
"110",2016-10-03 18:54:00,"6:54 PM",59,57,93,30.09,10,"ENE","6.9","-","N/A",NA,"Scattered Clouds",60,"2016-10-03 22:54:00"
"111",2016-10-03 19:54:00,"7:54 PM",59,57.9,96,30.12,10,"East","4.6","-","N/A",NA,"Scattered Clouds",80,"2016-10-03 23:54:00"
"112",2016-10-03 20:27:00,"8:27 PM",60.1,57.9,93,30.13,10,"East","8.1","-","N/A",NA,"Mostly Cloudy",80,"2016-10-04 00:27:00"
"113",2016-10-03 20:46:00,"8:46 PM",60.1,57.9,93,30.14,10,"East","9.2","-","N/A",NA,"Mostly Cloudy",80,"2016-10-04 00:46:00"
"114",2016-10-03 20:54:00,"8:54 PM",59,57,93,30.15,10,"East","10.4","-","N/A",NA,"Mostly Cloudy",80,"2016-10-04 00:54:00"
"115",2016-10-03 21:16:00,"9:16 PM",60.1,57,90,30.15,10,"East","10.4","-","N/A",NA,"Mostly Cloudy",90,"2016-10-04 01:16:00"
"116",2016-10-03 22:54:00,"10:54 PM",59,55.9,90,30.18,10,"East","6.9","-","N/A",NA,"Mostly Cloudy",90,"2016-10-04 02:54:00"
"117",2016-10-03 23:38:00,"11:38 PM",57.9,55.9,93,30.2,10,"NE","6.9","-","N/A",NA,"Scattered Clouds",40,"2016-10-04 03:38:00"
"118",2016-10-03 23:54:00,"11:54 PM",59,57,93,30.2,10,"NE","9.2","-","N/A",NA,"Mostly Cloudy",50,"2016-10-04 03:54:00"
"119",2016-10-04 00:27:00,"12:27 AM",59,55,87,30.21,10,"NE","10.4","-","N/A","","Mostly Cloudy",50,"2016-10-04 04:27:00"
"120",2016-10-04 00:54:00,"12:54 AM",59,55,87,30.22,10,"ENE","11.5","-","N/A","","Mostly Cloudy",60,"2016-10-04 04:54:00"
"121",2016-10-04 01:54:00,"1:54 AM",59,55,87,30.23,10,"ENE","12.7","-","N/A","","Overcast",60,"2016-10-04 05:54:00"
"122",2016-10-04 02:54:00,"2:54 AM",59,53.1,81,30.24,10,"ENE","15","-","N/A","","Overcast",60,"2016-10-04 06:54:00"
"123",2016-10-04 03:54:00,"3:54 AM",57.9,54,87,30.25,10,"NNE","11.5","-","N/A","","Overcast",30,"2016-10-04 07:54:00"
"124",2016-10-04 04:43:00,"4:43 AM",57.9,55,90,30.26,10,"North","10.4","-","N/A","","Overcast",10,"2016-10-04 08:43:00"
"125",2016-10-04 04:54:00,"4:54 AM",57.9,55,90,30.26,10,"North","10.4","-","N/A","","Overcast",10,"2016-10-04 08:54:00"
"126",2016-10-04 05:54:00,"5:54 AM",57.9,55,90,30.27,10,"North","8.1","-","N/A","","Mostly Cloudy",360,"2016-10-04 09:54:00"
"127",2016-10-04 06:38:00,"6:38 AM",57.9,55.9,93,30.29,10,"North","9.2","-","N/A","","Overcast",10,"2016-10-04 10:38:00"
"128",2016-10-04 06:54:00,"6:54 AM",59,57,93,30.3,10,"ENE","10.4","-","0.00","Rain","Light Rain",60,"2016-10-04 10:54:00"
"129",2016-10-04 07:24:00,"7:24 AM",60.1,55.9,86,30.31,10,"ENE","13.8","-","0.00","","Overcast",60,"2016-10-04 11:24:00"
"130",2016-10-04 07:54:00,"7:54 AM",60.1,55,83,30.32,10,"ENE","15","-","0.00","","Overcast",60,"2016-10-04 11:54:00"
"131",2016-10-04 08:54:00,"8:54 AM",61,55,81,30.34,10,"ENE","12.7","-","N/A","","Mostly Cloudy",60,"2016-10-04 12:54:00"
"132",2016-10-04 09:16:00,"9:16 AM",62.1,55,78,30.35,10,"NE","16.1","-","N/A","","Mostly Cloudy",50,"2016-10-04 13:16:00"
"133",2016-10-04 09:54:00,"9:54 AM",62.1,55,78,30.36,10,"NE","19.6","-","N/A","","Mostly Cloudy",50,"2016-10-04 13:54:00"
"134",2016-10-04 10:01:00,"10:01 AM",63,55,75,30.36,10,"NE","17.3","-","N/A","","Mostly Cloudy",50,"2016-10-04 14:01:00"
"135",2016-10-04 10:54:00,"10:54 AM",62.1,53.1,72,30.36,10,"ENE","17.3","23.0","N/A","","Scattered Clouds",60,"2016-10-04 14:54:00"
"136",2016-10-04 11:54:00,"11:54 AM",62.1,52,70,30.37,10,"NE","17.3","26.5","N/A","","Scattered Clouds",50,"2016-10-04 15:54:00"
"137",2016-10-04 12:54:00,"12:54 PM",61,51.1,70,30.37,10,"ENE","15","-","N/A","","Scattered Clouds",70,"2016-10-04 16:54:00"
"138",2016-10-04 13:54:00,"1:54 PM",61,51.1,70,30.36,10,"ENE","18.4","-","N/A","","Scattered Clouds",70,"2016-10-04 17:54:00"
"139",2016-10-04 14:54:00,"2:54 PM",60.1,50,69,30.36,10,"ENE","16.1","-","N/A","","Scattered Clouds",60,"2016-10-04 18:54:00"
"140",2016-10-04 15:54:00,"3:54 PM",60.1,48,64,30.35,10,"NNE","15","-","N/A","","Partly Cloudy",30,"2016-10-04 19:54:00"
"141",2016-10-04 16:54:00,"4:54 PM",57.9,46.9,67,30.35,10,"ENE","13.8","-","N/A","","Partly Cloudy",60,"2016-10-04 20:54:00"
"142",2016-10-04 17:54:00,"5:54 PM",55.9,46.9,72,30.36,10,"ENE","12.7","-","N/A","","Partly Cloudy",70,"2016-10-04 21:54:00"
"143",2016-10-04 18:54:00,"6:54 PM",55,45,69,30.37,10,"ENE","11.5","-","N/A","","Partly Cloudy",60,"2016-10-04 22:54:00"
"144",2016-10-04 19:54:00,"7:54 PM",55,48,77,30.38,10,"ENE","9.2","-","N/A","","Partly Cloudy",60,"2016-10-04 23:54:00"
"145",2016-10-04 20:54:00,"8:54 PM",54,48,80,30.38,10,"NE","6.9","-","N/A","","Partly Cloudy",40,"2016-10-05 00:54:00"
"146",2016-10-04 21:54:00,"9:54 PM",53.1,46.9,80,30.38,10,"North","8.1","-","N/A","","Partly Cloudy",360,"2016-10-05 01:54:00"
"147",2016-10-04 22:54:00,"10:54 PM",52,48,86,30.38,10,"North","9.2","-","N/A","","Partly Cloudy",360,"2016-10-05 02:54:00"
"148",2016-10-04 23:54:00,"11:54 PM",51.1,46.9,86,30.38,10,"North","8.1","-","N/A","","Partly Cloudy",10,"2016-10-05 03:54:00"
"149",2016-10-05 00:54:00,"12:54 AM",50,46.9,89,30.38,10,"North","5.8","-","N/A",NA,"Clear",350,"2016-10-05 04:54:00"
"150",2016-10-05 01:54:00,"1:54 AM",50,46,86,30.37,10,"North","9.2","-","N/A",NA,"Clear",360,"2016-10-05 05:54:00"
"151",2016-10-05 02:54:00,"2:54 AM",50,46,86,30.35,10,"North","8.1","-","N/A",NA,"Clear",350,"2016-10-05 06:54:00"
"152",2016-10-05 03:54:00,"3:54 AM",48,45,89,30.35,10,"NNW","5.8","-","N/A",NA,"Clear",340,"2016-10-05 07:54:00"
"153",2016-10-05 04:54:00,"4:54 AM",48.9,46,90,30.36,10,"North","8.1","-","N/A",NA,"Clear",360,"2016-10-05 08:54:00"
"154",2016-10-05 06:13:00,"6:13 AM",48.9,46,90,30.37,10,"North","9.2","-","N/A",NA,"Scattered Clouds",360,"2016-10-05 10:13:00"
"155",2016-10-05 06:54:00,"6:54 AM",48.9,46,90,30.38,10,"North","10.4","-","N/A",NA,"Scattered Clouds",360,"2016-10-05 10:54:00"
"156",2016-10-05 07:54:00,"7:54 AM",51.1,46.9,86,30.38,10,"North","8.1","-","N/A",NA,"Partly Cloudy",360,"2016-10-05 11:54:00"
"157",2016-10-05 08:54:00,"8:54 AM",55,48.9,80,30.4,10,"North","9.2","-","N/A",NA,"Partly Cloudy",10,"2016-10-05 12:54:00"
"158",2016-10-05 09:54:00,"9:54 AM",57.9,50,75,30.39,10,"NNE","10.4","-","N/A",NA,"Partly Cloudy",30,"2016-10-05 13:54:00"
"159",2016-10-05 10:54:00,"10:54 AM",59,48.9,69,30.4,10,"ENE","11.5","-","N/A",NA,"Partly Cloudy",60,"2016-10-05 14:54:00"
"160",2016-10-05 11:54:00,"11:54 AM",59,48.9,69,30.39,10,"ENE","9.2","-","N/A",NA,"Partly Cloudy",70,"2016-10-05 15:54:00"
"161",2016-10-05 12:54:00,"12:54 PM",60.1,48.9,67,30.37,10,"ENE","11.5","-","N/A",NA,"Partly Cloudy",70,"2016-10-05 16:54:00"
"162",2016-10-05 13:54:00,"1:54 PM",59,48.9,69,30.35,10,"East","12.7","-","N/A",NA,"Partly Cloudy",80,"2016-10-05 17:54:00"
"163",2016-10-05 14:54:00,"2:54 PM",59,48,67,30.33,10,"East","13.8","-","N/A",NA,"Partly Cloudy",80,"2016-10-05 18:54:00"
"164",2016-10-05 15:54:00,"3:54 PM",57.9,48.9,72,30.32,10,"East","10.4","-","N/A",NA,"Partly Cloudy",80,"2016-10-05 19:54:00"
"165",2016-10-05 16:54:00,"4:54 PM",57,48,72,30.31,10,"East","9.2","-","N/A",NA,"Partly Cloudy",80,"2016-10-05 20:54:00"
"166",2016-10-05 17:54:00,"5:54 PM",55.9,48,75,30.32,10,"East","8.1","-","N/A",NA,"Partly Cloudy",90,"2016-10-05 21:54:00"
"167",2016-10-05 18:54:00,"6:54 PM",55,48,77,30.32,10,"East","4.6","-","N/A",NA,"Partly Cloudy",100,"2016-10-05 22:54:00"
"168",2016-10-05 19:54:00,"7:54 PM",55,48,77,30.32,10,"East","4.6","-","N/A",NA,"Partly Cloudy",90,"2016-10-05 23:54:00"
"169",2016-10-05 20:54:00,"8:54 PM",55,48.9,80,30.32,10,"Calm","Calm","-","N/A",NA,"Partly Cloudy",0,"2016-10-06 00:54:00"
"170",2016-10-05 21:54:00,"9:54 PM",55,48.9,80,30.32,10,"Calm","Calm","-","N/A",NA,"Partly Cloudy",0,"2016-10-06 01:54:00"
"171",2016-10-05 22:54:00,"10:54 PM",54,48.9,83,30.31,10,"North","3.5","-","N/A",NA,"Partly Cloudy",360,"2016-10-06 02:54:00"
"172",2016-10-05 23:54:00,"11:54 PM",52,48.9,89,30.3,10,"North","3.5","-","N/A",NA,"Clear",10,"2016-10-06 03:54:00"
"173",2016-10-06 00:54:00,"12:54 AM",52,48,86,30.31,10,"NNW","4.6","-","N/A",NA,"Clear",330,"2016-10-06 04:54:00"
"174",2016-10-06 01:54:00,"1:54 AM",51.1,48,89,30.32,10,"NW","3.5","-","N/A",NA,"Clear",310,"2016-10-06 05:54:00"
"175",2016-10-06 02:54:00,"2:54 AM",50,48,93,30.31,10,"WNW","4.6","-","N/A",NA,"Clear",300,"2016-10-06 06:54:00"
"176",2016-10-06 03:54:00,"3:54 AM",51.1,48,89,30.3,10,"NNW","3.5","-","N/A",NA,"Clear",340,"2016-10-06 07:54:00"
"177",2016-10-06 04:54:00,"4:54 AM",50,46.9,89,30.3,10,"Calm","Calm","-","N/A",NA,"Clear",0,"2016-10-06 08:54:00"
"178",2016-10-06 05:54:00,"5:54 AM",48.9,46.9,93,30.31,10,"Calm","Calm","-","N/A",NA,"Clear",0,"2016-10-06 09:54:00"
"179",2016-10-06 06:54:00,"6:54 AM",48.9,46,90,30.31,10,"North","4.6","-","N/A",NA,"Partly Cloudy",350,"2016-10-06 10:54:00"
"180",2016-10-06 07:54:00,"7:54 AM",52,48,86,30.32,10,"NW","4.6","-","N/A",NA,"Partly Cloudy",310,"2016-10-06 11:54:00"
"181",2016-10-06 08:54:00,"8:54 AM",55,48,77,30.33,10,"NW","3.5","-","N/A",NA,"Partly Cloudy",310,"2016-10-06 12:54:00"
"182",2016-10-06 09:54:00,"9:54 AM",57.9,46.9,67,30.33,10,"Calm","Calm","-","N/A",NA,"Clear",0,"2016-10-06 13:54:00"
"183",2016-10-06 10:54:00,"10:54 AM",59,48.9,69,30.32,10,"SSE","4.6","-","N/A",NA,"Clear",160,"2016-10-06 14:54:00"
"184",2016-10-06 11:54:00,"11:54 AM",62.1,48,60,30.31,10,"SE","6.9","-","N/A",NA,"Clear",140,"2016-10-06 15:54:00"
"185",2016-10-06 12:54:00,"12:54 PM",63,48,58,30.29,10,"SE","9.2","-","N/A",NA,"Clear",140,"2016-10-06 16:54:00"
"186",2016-10-06 13:54:00,"1:54 PM",64,46,52,30.27,10,"ESE","8.1","-","N/A",NA,"Partly Cloudy",120,"2016-10-06 17:54:00"
"187",2016-10-06 14:54:00,"2:54 PM",66,36,33,30.27,10,"East","8.1","-","N/A",NA,"Clear",100,"2016-10-06 18:54:00"
"188",2016-10-06 15:54:00,"3:54 PM",64,46,52,30.27,10,"ESE","6.9","-","N/A",NA,"Clear",110,"2016-10-06 19:54:00"
"189",2016-10-06 16:54:00,"4:54 PM",64,46.9,54,30.27,10,"East","5.8","-","N/A",NA,"Clear",100,"2016-10-06 20:54:00"
"190",2016-10-06 17:54:00,"5:54 PM",63,48.9,60,30.27,10,"East","3.5","-","N/A",NA,"Clear",100,"2016-10-06 21:54:00"
"191",2016-10-06 18:54:00,"6:54 PM",61,53.1,75,30.28,10,"Variable","3.5","-","N/A",NA,"Clear",0,"2016-10-06 22:54:00"
"192",2016-10-06 19:54:00,"7:54 PM",61,55.9,83,30.28,10,"SSE","5.8","-","N/A",NA,"Clear",160,"2016-10-06 23:54:00"
"193",2016-10-06 20:54:00,"8:54 PM",60.1,54,80,30.3,10,"SSW","8.1","-","N/A",NA,"Clear",200,"2016-10-07 00:54:00"
"194",2016-10-06 21:54:00,"9:54 PM",59,53.1,81,30.3,10,"SW","6.9","-","N/A",NA,"Clear",230,"2016-10-07 01:54:00"
"195",2016-10-06 22:54:00,"10:54 PM",57,53.1,87,30.32,10,"SSW","6.9","-","N/A",NA,"Clear",200,"2016-10-07 02:54:00"
"196",2016-10-06 23:54:00,"11:54 PM",55.9,53.1,90,30.31,10,"South","5.8","-","N/A",NA,"Clear",190,"2016-10-07 03:54:00"
"197",2016-10-07 00:54:00,"12:54 AM",54,53.1,97,30.31,10,"SSW","6.9","-","N/A",NA,"Clear",210,"2016-10-07 04:54:00"
"198",2016-10-07 01:54:00,"1:54 AM",55.9,51.1,84,30.3,10,"Calm","Calm","-","N/A",NA,"Clear",0,"2016-10-07 05:54:00"
"199",2016-10-07 02:54:00,"2:54 AM",54,51.1,90,30.29,10,"Calm","Calm","-","N/A",NA,"Clear",0,"2016-10-07 06:54:00"
"200",2016-10-07 03:54:00,"3:54 AM",57,50,77,30.27,10,"WNW","3.5","-","N/A",NA,"Clear",300,"2016-10-07 07:54:00"
"201",2016-10-07 04:54:00,"4:54 AM",54,50,86,30.27,10,"Calm","Calm","-","N/A",NA,"Clear",0,"2016-10-07 08:54:00"
"202",2016-10-07 05:54:00,"5:54 AM",54,48,80,30.27,10,"NW","3.5","-","N/A",NA,"Clear",310,"2016-10-07 09:54:00"
"203",2016-10-07 06:54:00,"6:54 AM",54,48,80,30.29,10,"Calm","Calm","-","N/A",NA,"Clear",0,"2016-10-07 10:54:00"
"204",2016-10-07 07:54:00,"7:54 AM",57,48.9,74,30.3,10,"Calm","Calm","-","N/A",NA,"Clear",0,"2016-10-07 11:54:00"
"205",2016-10-07 08:54:00,"8:54 AM",60.1,50,69,30.31,10,"NNW","3.5","-","N/A",NA,"Clear",330,"2016-10-07 12:54:00"
"206",2016-10-07 09:54:00,"9:54 AM",64,52,65,30.32,10,"Variable","3.5","-","N/A",NA,"Clear",0,"2016-10-07 13:54:00"
"207",2016-10-07 10:54:00,"10:54 AM",64.9,53.1,65,30.31,10,"ENE","5.8","-","N/A",NA,"Clear",60,"2016-10-07 14:54:00"
"208",2016-10-07 11:54:00,"11:54 AM",66,53.1,63,30.31,10,"ENE","5.8","-","N/A",NA,"Clear",60,"2016-10-07 15:54:00"
"209",2016-10-07 13:54:00,"1:54 PM",66.9,54,63,30.27,10,"ENE","9.2","-","N/A",NA,"Partly Cloudy",70,"2016-10-07 17:54:00"
"210",2016-10-07 14:54:00,"2:54 PM",66,55,68,30.26,10,"East","10.4","-","N/A",NA,"Partly Cloudy",80,"2016-10-07 18:54:00"
"211",2016-10-07 15:54:00,"3:54 PM",64.9,57,75,30.24,10,"East","9.2","-","N/A",NA,"Partly Cloudy",80,"2016-10-07 19:54:00"
"212",2016-10-07 16:54:00,"4:54 PM",64.9,57.9,78,30.23,10,"ENE","6.9","-","N/A",NA,"Partly Cloudy",70,"2016-10-07 20:54:00"
"213",2016-10-07 17:54:00,"5:54 PM",63,57.9,84,30.23,10,"ENE","5.8","-","N/A",NA,"Partly Cloudy",70,"2016-10-07 21:54:00"
"214",2016-10-07 18:54:00,"6:54 PM",63,57,81,30.23,10,"ESE","4.6","-","N/A",NA,"Partly Cloudy",110,"2016-10-07 22:54:00"
"215",2016-10-07 19:54:00,"7:54 PM",63,55.9,78,30.24,10,"SE","6.9","-","N/A",NA,"Clear",130,"2016-10-07 23:54:00"
"216",2016-10-07 20:54:00,"8:54 PM",62.1,55,78,30.24,10,"SSE","8.1","-","N/A",NA,"Clear",160,"2016-10-08 00:54:00"
"217",2016-10-07 21:54:00,"9:54 PM",60.1,55.9,86,30.24,10,"South","4.6","-","N/A",NA,"Clear",190,"2016-10-08 01:54:00"
"218",2016-10-07 22:54:00,"10:54 PM",59,55,87,30.23,10,"South","3.5","-","N/A",NA,"Clear",180,"2016-10-08 02:54:00"
"219",2016-10-07 23:54:00,"11:54 PM",59,53.1,81,30.22,10,"WSW","5.8","-","N/A",NA,"Clear",250,"2016-10-08 03:54:00"
"220",2016-10-08 00:54:00,"12:54 AM",57.9,53.1,84,30.19,10,"SSW","5.8","-","N/A","","Clear",200,"2016-10-08 04:54:00"
"221",2016-10-08 01:54:00,"1:54 AM",55.9,53.1,90,30.19,10,"SSE","4.6","-","N/A","","Clear",160,"2016-10-08 05:54:00"
"222",2016-10-08 02:54:00,"2:54 AM",54,52,93,30.18,10,"South","5.8","-","N/A","","Clear",190,"2016-10-08 06:54:00"
"223",2016-10-08 03:54:00,"3:54 AM",54,52,93,30.17,10,"South","3.5","-","N/A","","Clear",190,"2016-10-08 07:54:00"
"224",2016-10-08 04:54:00,"4:54 AM",54,51.1,90,30.17,10,"South","5.8","-","N/A","","Clear",190,"2016-10-08 08:54:00"
"225",2016-10-08 05:54:00,"5:54 AM",52,51.1,97,30.17,10,"South","6.9","-","N/A","","Clear",180,"2016-10-08 09:54:00"
"226",2016-10-08 06:54:00,"6:54 AM",53.1,52,96,30.17,9,"Calm","Calm","-","N/A","","Clear",0,"2016-10-08 10:54:00"
"227",2016-10-08 07:54:00,"7:54 AM",53.1,53.1,100,30.17,8,"South","4.6","-","N/A","","Mostly Cloudy",190,"2016-10-08 11:54:00"
"228",2016-10-08 08:54:00,"8:54 AM",55.9,54,93,30.17,10,"South","5.8","-","N/A","","Mostly Cloudy",190,"2016-10-08 12:54:00"
"229",2016-10-08 09:54:00,"9:54 AM",57.9,55.9,93,30.17,10,"SE","5.8","-","N/A","","Mostly Cloudy",140,"2016-10-08 13:54:00"
"230",2016-10-08 10:54:00,"10:54 AM",59,57,93,30.15,10,"SE","5.8","-","N/A","","Mostly Cloudy",140,"2016-10-08 14:54:00"
"231",2016-10-08 11:54:00,"11:54 AM",63,57,81,30.12,10,"ESE","4.6","-","N/A","","Overcast",110,"2016-10-08 15:54:00"
"232",2016-10-08 12:54:00,"12:54 PM",64,57,78,30.11,10,"East","6.9","-","N/A","","Overcast",80,"2016-10-08 16:54:00"
"233",2016-10-08 13:54:00,"1:54 PM",64,57.9,80,30.1,10,"East","5.8","-","N/A","","Overcast",100,"2016-10-08 17:54:00"
"234",2016-10-08 14:38:00,"2:38 PM",63,59,87,30.08,10,"ENE","6.9","-","N/A","","Overcast",70,"2016-10-08 18:38:00"
"235",2016-10-08 14:54:00,"2:54 PM",64,60.1,87,30.08,10,"ENE","6.9","-","N/A","","Overcast",70,"2016-10-08 18:54:00"
"236",2016-10-08 15:54:00,"3:54 PM",64.9,61,87,30.06,10,"ESE","5.8","-","N/A","","Overcast",120,"2016-10-08 19:54:00"
"237",2016-10-08 16:08:00,"4:08 PM",64.9,61,87,30.05,10,"SE","3.5","-","N/A","","Overcast",130,"2016-10-08 20:08:00"
"238",2016-10-08 16:54:00,"4:54 PM",66.9,63,87,30.04,10,"WSW","5.8","-","0.00","","Overcast",240,"2016-10-08 20:54:00"
"239",2016-10-08 17:54:00,"5:54 PM",66.9,62.1,84,30.02,10,"SSW","8.1","-","N/A","","Overcast",200,"2016-10-08 21:54:00"
"240",2016-10-08 18:54:00,"6:54 PM",66.9,62.1,84,30.03,10,"South","4.6","-","N/A","","Overcast",190,"2016-10-08 22:54:00"
"241",2016-10-08 19:36:00,"7:36 PM",66.9,62.1,84,30.04,10,"SW","4.6","-","0.00","","Overcast",220,"2016-10-08 23:36:00"
"242",2016-10-08 19:54:00,"7:54 PM",66,62.1,87,30.03,10,"SSW","5.8","-","0.00","","Overcast",210,"2016-10-08 23:54:00"
"243",2016-10-08 20:08:00,"8:08 PM",66,62.1,87,30.04,10,"SSW","5.8","-","N/A","","Overcast",210,"2016-10-09 00:08:00"
"244",2016-10-08 20:54:00,"8:54 PM",66,62.1,87,30.04,10,"SSW","8.1","-","N/A","","Overcast",210,"2016-10-09 00:54:00"
"245",2016-10-08 21:54:00,"9:54 PM",64.9,62.1,90,30.03,10,"South","4.6","-","N/A","","Overcast",190,"2016-10-09 01:54:00"
"246",2016-10-08 22:54:00,"10:54 PM",64.9,62.1,90,30.02,10,"South","3.5","-","0.00","Rain","Light Rain",190,"2016-10-09 02:54:00"
"247",2016-10-08 23:54:00,"11:54 PM",64,63,96,30.01,10,"South","3.5","-","0.01","Rain","Light Rain",180,"2016-10-09 03:54:00"
"248",2016-10-09 00:54:00,"12:54 AM",63,63,100,29.99,10,"SSW","4.6","-","0.00","","Overcast",200,"2016-10-09 04:54:00"
"249",2016-10-09 01:27:00,"1:27 AM",63,63,100,29.99,10,"SSW","3.5","-","N/A","","Overcast",200,"2016-10-09 05:27:00"
"250",2016-10-09 01:54:00,"1:54 AM",64.9,64,97,29.99,10,"WSW","8.1","-","N/A","","Overcast",240,"2016-10-09 05:54:00"
"251",2016-10-09 02:26:00,"2:26 AM",64,64,100,29.98,10,"SW","5.8","-","N/A","","Overcast",220,"2016-10-09 06:26:00"
"252",2016-10-09 02:54:00,"2:54 AM",64,64,100,29.97,8,"South","6.9","-","0.00","Rain","Light Rain",190,"2016-10-09 06:54:00"
"253",2016-10-09 03:54:00,"3:54 AM",64,62.1,93,29.96,10,"WNW","5.8","-","0.02","","Overcast",300,"2016-10-09 07:54:00"
"254",2016-10-09 04:54:00,"4:54 AM",63,62.1,97,29.96,10,"NNW","3.5","-","N/A","","Overcast",340,"2016-10-09 08:54:00"
"255",2016-10-09 05:54:00,"5:54 AM",63,62.1,97,29.97,10,"NNW","5.8","-","0.05","","Overcast",340,"2016-10-09 09:54:00"
"256",2016-10-09 06:02:00,"6:02 AM",63,62.1,97,29.97,10,"NNW","6.9","-","N/A","","Overcast",340,"2016-10-09 10:02:00"
"257",2016-10-09 06:54:00,"6:54 AM",61,60.1,97,29.98,6,"NNW","12.7","-","0.00","Rain","Light Rain",340,"2016-10-09 10:54:00"
"258",2016-10-09 07:06:00,"7:06 AM",60.1,60.1,100,29.98,2,"NNW","11.5","-","0.01","Rain","Rain",340,"2016-10-09 11:06:00"
"259",2016-10-09 07:54:00,"7:54 AM",57.9,57.9,100,29.99,2.5,"NNW","8.1","-","0.07","Rain","Light Rain",340,"2016-10-09 11:54:00"
"260",2016-10-09 08:54:00,"8:54 AM",57,57,100,30.03,2.5,"North","12.7","-","0.14","Rain","Heavy Rain",10,"2016-10-09 12:54:00"
"261",2016-10-09 09:35:00,"9:35 AM",57,57,100,30.03,3,"NNE","10.4","-","0.13","Rain","Rain",20,"2016-10-09 13:35:00"
"262",2016-10-09 09:54:00,"9:54 AM",57,57,100,30.02,5,"North","12.7","-","0.17","Rain","Light Rain",10,"2016-10-09 13:54:00"
"263",2016-10-09 10:54:00,"10:54 AM",55,54,96,30.03,6,"North","13.8","-","0.09","Rain","Rain",10,"2016-10-09 14:54:00"
"264",2016-10-09 11:54:00,"11:54 AM",55,54,96,30.02,6,"North","12.7","-","0.15","Rain","Rain",360,"2016-10-09 15:54:00"
"265",2016-10-09 12:54:00,"12:54 PM",54,54,100,30.04,3,"North","13.8","24.2","0.14","Rain","Rain",10,"2016-10-09 16:54:00"
"266",2016-10-09 13:54:00,"1:54 PM",54,53.1,97,30.02,5,"NNE","18.4","25.3","0.13","Rain","Rain",30,"2016-10-09 17:54:00"
"267",2016-10-09 14:38:00,"2:38 PM",53.1,51.1,93,30.01,4,"NNE","18.4","26.5","0.06","Rain","Rain",20,"2016-10-09 18:38:00"
"268",2016-10-09 14:54:00,"2:54 PM",53.1,52,96,30.02,5,"NNE","17.3","-","0.08","Rain","Rain",20,"2016-10-09 18:54:00"
"269",2016-10-09 15:01:00,"3:01 PM",53.1,51.1,93,30.02,4,"NNE","17.3","-","0.01","Rain","Rain",20,"2016-10-09 19:01:00"
"270",2016-10-09 15:54:00,"3:54 PM",52,51.1,97,30.02,4,"North","16.1","-","0.15","Rain","Rain",360,"2016-10-09 19:54:00"
"271",2016-10-09 16:14:00,"4:14 PM",52,51.1,97,30.02,6,"North","16.1","-","0.04","Rain","Rain",10,"2016-10-09 20:14:00"
"272",2016-10-09 16:39:00,"4:39 PM",52,51.1,97,30.02,5,"North","15","-","0.07","Rain","Rain",360,"2016-10-09 20:39:00"
"273",2016-10-09 16:54:00,"4:54 PM",52,51.1,97,30.02,5,"North","15","-","0.10","Rain","Rain",360,"2016-10-09 20:54:00"
"274",2016-10-09 17:01:00,"5:01 PM",52,50,93,30.02,5,"North","17.3","-","0.02","Rain","Rain",10,"2016-10-09 21:01:00"
"275",2016-10-09 17:39:00,"5:39 PM",51.1,50,96,30.03,5,"North","15","-","0.08","Rain","Rain",10,"2016-10-09 21:39:00"
"276",2016-10-09 17:54:00,"5:54 PM",51.1,50,96,30.03,5,"North","13.8","-","0.11","Rain","Rain",10,"2016-10-09 21:54:00"
"277",2016-10-09 18:54:00,"6:54 PM",51.1,48.9,92,30.03,7,"North","17.3","-","0.10","Rain","Rain",360,"2016-10-09 22:54:00"
"278",2016-10-09 19:45:00,"7:45 PM",51.1,50,96,30.04,4,"North","13.8","-","0.13","Rain","Heavy Rain",360,"2016-10-09 23:45:00"
"279",2016-10-09 19:54:00,"7:54 PM",50,50,100,30.04,4,"North","13.8","-","0.17","Rain","Heavy Rain",10,"2016-10-09 23:54:00"
"280",2016-10-09 20:20:00,"8:20 PM",50,48,93,30.03,4,"NNE","21.9","28.8","0.08","Rain","Rain",20,"2016-10-10 00:20:00"
"281",2016-10-09 20:35:00,"8:35 PM",50,48,93,30.02,5,"North","18.4","27.6","0.12","Rain","Rain",10,"2016-10-10 00:35:00"
"282",2016-10-09 20:54:00,"8:54 PM",50,48,93,30.01,6,"North","23","29.9","0.14","Rain","Rain",10,"2016-10-10 00:54:00"
"283",2016-10-09 21:20:00,"9:20 PM",50,48.9,96,30,10,"North","15","-","0.01","Rain","Light Rain",360,"2016-10-10 01:20:00"
"284",2016-10-09 21:27:00,"9:27 PM",50,48,93,30,10,"North","18.4","21.9","0.02","Rain","Light Rain",360,"2016-10-10 01:27:00"
"285",2016-10-09 21:54:00,"9:54 PM",50,48,93,30,10,"North","17.3","23.0","0.03","Rain","Light Rain",360,"2016-10-10 01:54:00"
"286",2016-10-09 22:26:00,"10:26 PM",50,46.9,89,29.99,10,"North","17.3","25.3","0.00","Rain","Light Rain",350,"2016-10-10 02:26:00"
"287",2016-10-09 23:54:00,"11:54 PM",50,46.9,89,29.99,10,"NNW","11.5","-","0.00","","Mostly Cloudy",330,"2016-10-10 03:54:00"
"288",2016-10-10 00:54:00,"12:54 AM",48.9,44.1,83,30,10,"NNW","16.1","23.0","N/A",NA,"Overcast",330,"2016-10-10 04:54:00"
"289",2016-10-10 01:54:00,"1:54 AM",46.9,41,80,30,10,"NW","17.3","24.2","N/A",NA,"Overcast",320,"2016-10-10 05:54:00"
"290",2016-10-10 02:54:00,"2:54 AM",46,39,76,30,10,"NW","17.3","27.6","N/A",NA,"Scattered Clouds",320,"2016-10-10 06:54:00"
"291",2016-10-10 03:54:00,"3:54 AM",45,37.9,76,30,10,"NNW","13.8","24.2","N/A",NA,"Scattered Clouds",330,"2016-10-10 07:54:00"
"292",2016-10-10 04:54:00,"4:54 AM",45,37,74,30.02,10,"NW","19.6","-","N/A",NA,"Partly Cloudy",320,"2016-10-10 08:54:00"
"293",2016-10-10 05:54:00,"5:54 AM",45,37,74,30.03,10,"NW","15","23.0","N/A",NA,"Partly Cloudy",320,"2016-10-10 09:54:00"
"294",2016-10-10 06:54:00,"6:54 AM",45,36,71,30.06,10,"NNW","13.8","-","N/A",NA,"Partly Cloudy",330,"2016-10-10 10:54:00"
"295",2016-10-10 07:54:00,"7:54 AM",46,36,68,30.09,10,"NNW","19.6","25.3","N/A",NA,"Partly Cloudy",330,"2016-10-10 11:54:00"
"296",2016-10-10 08:54:00,"8:54 AM",48,35.1,61,30.11,10,"NNW","20.7","29.9","N/A",NA,"Partly Cloudy",330,"2016-10-10 12:54:00"
"297",2016-10-10 09:54:00,"9:54 AM",50,35.1,57,30.13,10,"NW","18.4","25.3","N/A",NA,"Partly Cloudy",320,"2016-10-10 13:54:00"
"298",2016-10-10 10:54:00,"10:54 AM",52,35.1,53,30.13,10,"NW","18.4","26.5","N/A",NA,"Partly Cloudy",310,"2016-10-10 14:54:00"
"299",2016-10-10 11:54:00,"11:54 AM",54,35.1,49,30.14,10,"NW","17.3","24.2","N/A",NA,"Partly Cloudy",320,"2016-10-10 15:54:00"
"300",2016-10-10 12:54:00,"12:54 PM",55.9,35.1,45,30.13,10,"NW","19.6","28.8","N/A",NA,"Clear",320,"2016-10-10 16:54:00"
"301",2016-10-10 13:54:00,"1:54 PM",57,34,42,30.13,10,"NNW","19.6","28.8","N/A",NA,"Clear",330,"2016-10-10 17:54:00"
"302",2016-10-10 14:54:00,"2:54 PM",57.9,34,41,30.14,10,"NW","17.3","27.6","N/A",NA,"Partly Cloudy",310,"2016-10-10 18:54:00"
"303",2016-10-10 15:54:00,"3:54 PM",57.9,34,41,30.16,10,"NW","18.4","26.5","N/A",NA,"Partly Cloudy",310,"2016-10-10 19:54:00"
"304",2016-10-10 16:54:00,"4:54 PM",57.9,33.1,39,30.18,10,"NW","17.3","-","N/A",NA,"Partly Cloudy",320,"2016-10-10 20:54:00"
"305",2016-10-10 17:54:00,"5:54 PM",55,33.1,43,30.22,10,"NW","15","21.9","N/A",NA,"Partly Cloudy",320,"2016-10-10 21:54:00"
"306",2016-10-10 18:54:00,"6:54 PM",53.1,34,48,30.25,10,"NNW","10.4","-","N/A",NA,"Clear",330,"2016-10-10 22:54:00"
"307",2016-10-10 19:54:00,"7:54 PM",52,34,50,30.28,10,"NW","10.4","-","N/A",NA,"Clear",310,"2016-10-10 23:54:00"
"308",2016-10-10 20:54:00,"8:54 PM",50,33.1,52,30.3,10,"NNW","12.7","-","N/A",NA,"Clear",330,"2016-10-11 00:54:00"
"309",2016-10-10 21:54:00,"9:54 PM",48.9,34,56,30.32,10,"NW","10.4","-","N/A",NA,"Clear",320,"2016-10-11 01:54:00"
"310",2016-10-10 22:54:00,"10:54 PM",48,33.1,56,30.34,10,"NNW","9.2","-","N/A",NA,"Clear",330,"2016-10-11 02:54:00"
"311",2016-10-10 23:54:00,"11:54 PM",46.9,33.1,59,30.35,10,"NNW","11.5","-","N/A",NA,"Clear",330,"2016-10-11 03:54:00"
"312",2016-10-11 00:54:00,"12:54 AM",46,33.1,61,30.37,10,"NW","11.5","-","N/A",NA,"Clear",320,"2016-10-11 04:54:00"
"313",2016-10-11 01:54:00,"1:54 AM",45,33.1,63,30.38,10,"NW","10.4","-","N/A",NA,"Clear",320,"2016-10-11 05:54:00"
"314",2016-10-11 02:54:00,"2:54 AM",45,33.1,63,30.39,10,"NNW","10.4","-","N/A",NA,"Clear",330,"2016-10-11 06:54:00"
"315",2016-10-11 03:54:00,"3:54 AM",44.1,33.1,65,30.4,10,"NW","10.4","-","N/A",NA,"Clear",320,"2016-10-11 07:54:00"
"316",2016-10-11 04:54:00,"4:54 AM",44.1,33.1,65,30.42,10,"NW","8.1","-","N/A",NA,"Clear",320,"2016-10-11 08:54:00"
"317",2016-10-11 05:54:00,"5:54 AM",44.1,33.1,65,30.44,10,"NW","10.4","-","N/A",NA,"Clear",320,"2016-10-11 09:54:00"
"318",2016-10-11 06:54:00,"6:54 AM",44.1,33.1,65,30.44,10,"NNW","8.1","-","N/A",NA,"Clear",330,"2016-10-11 10:54:00"
"319",2016-10-11 07:54:00,"7:54 AM",45,34,65,30.46,10,"NW","9.2","-","N/A",NA,"Clear",320,"2016-10-11 11:54:00"
"320",2016-10-11 08:54:00,"8:54 AM",48.9,34,56,30.47,10,"North","5.8","-","N/A",NA,"Clear",350,"2016-10-11 12:54:00"
"321",2016-10-11 09:54:00,"9:54 AM",54,34,47,30.48,10,"Calm","Calm","-","N/A",NA,"Clear",0,"2016-10-11 13:54:00"
"322",2016-10-11 10:54:00,"10:54 AM",55.9,32,40,30.48,10,"Variable","3.5","-","N/A",NA,"Clear",0,"2016-10-11 14:54:00"
"323",2016-10-11 11:54:00,"11:54 AM",59,30.9,35,30.48,10,"Calm","Calm","-","N/A",NA,"Partly Cloudy",0,"2016-10-11 15:54:00"
"324",2016-10-11 12:54:00,"12:54 PM",57.9,37,46,30.46,10,"SE","9.2","-","N/A",NA,"Partly Cloudy",140,"2016-10-11 16:54:00"
"325",2016-10-11 13:54:00,"1:54 PM",57.9,30.9,36,30.45,10,"SE","10.4","-","N/A",NA,"Partly Cloudy",130,"2016-10-11 17:54:00"
"326",2016-10-11 14:54:00,"2:54 PM",57.9,33.1,39,30.43,10,"ESE","9.2","-","N/A",NA,"Partly Cloudy",110,"2016-10-11 18:54:00"
"327",2016-10-11 15:54:00,"3:54 PM",57.9,34,41,30.43,10,"ESE","9.2","-","N/A",NA,"Partly Cloudy",110,"2016-10-11 19:54:00"
"328",2016-10-11 16:54:00,"4:54 PM",57.9,35.1,42,30.42,10,"East","10.4","-","N/A",NA,"Partly Cloudy",100,"2016-10-11 20:54:00"
"329",2016-10-11 17:54:00,"5:54 PM",55.9,42.1,60,30.43,10,"ESE","9.2","-","N/A",NA,"Scattered Clouds",110,"2016-10-11 21:54:00"
"330",2016-10-11 18:54:00,"6:54 PM",55,41,59,30.43,10,"SE","8.1","-","N/A",NA,"Scattered Clouds",130,"2016-10-11 22:54:00"
"331",2016-10-11 19:54:00,"7:54 PM",54,43,66,30.43,10,"SSE","8.1","-","N/A",NA,"Partly Cloudy",160,"2016-10-11 23:54:00"
"332",2016-10-11 20:54:00,"8:54 PM",52,42.1,69,30.43,10,"South","5.8","-","N/A",NA,"Partly Cloudy",180,"2016-10-12 00:54:00"
"333",2016-10-11 21:54:00,"9:54 PM",52,41,66,30.43,10,"SSW","4.6","-","N/A",NA,"Partly Cloudy",200,"2016-10-12 01:54:00"
"334",2016-10-11 22:54:00,"10:54 PM",51.1,39,63,30.42,10,"SSW","4.6","-","N/A",NA,"Partly Cloudy",200,"2016-10-12 02:54:00"
"335",2016-10-11 23:54:00,"11:54 PM",52,37.9,59,30.42,10,"SSW","4.6","-","N/A",NA,"Partly Cloudy",210,"2016-10-12 03:54:00"
"336",2016-10-12 00:54:00,"12:54 AM",48.9,39,69,30.41,10,"SSW","5.8","-","N/A",NA,"Clear",210,"2016-10-12 04:54:00"
"337",2016-10-12 01:54:00,"1:54 AM",48.9,42.1,77,30.41,10,"SW","6.9","-","N/A",NA,"Clear",230,"2016-10-12 05:54:00"
"338",2016-10-12 02:54:00,"2:54 AM",48.9,42.1,77,30.4,10,"SSW","4.6","-","N/A",NA,"Partly Cloudy",200,"2016-10-12 06:54:00"
"339",2016-10-12 03:54:00,"3:54 AM",48.9,44.1,83,30.39,10,"South","3.5","-","N/A",NA,"Partly Cloudy",180,"2016-10-12 07:54:00"
"340",2016-10-12 04:54:00,"4:54 AM",48.9,45,86,30.39,10,"SSW","4.6","-","N/A",NA,"Partly Cloudy",200,"2016-10-12 08:54:00"
"341",2016-10-12 05:54:00,"5:54 AM",48.9,44.1,83,30.4,10,"South","5.8","-","N/A",NA,"Scattered Clouds",190,"2016-10-12 09:54:00"
"342",2016-10-12 06:54:00,"6:54 AM",48.9,45,86,30.4,10,"South","4.6","-","N/A",NA,"Mostly Cloudy",190,"2016-10-12 10:54:00"
"343",2016-10-12 07:54:00,"7:54 AM",51.1,46,83,30.4,10,"South","3.5","-","N/A",NA,"Partly Cloudy",170,"2016-10-12 11:54:00"
"344",2016-10-12 08:54:00,"8:54 AM",54,46,75,30.4,10,"South","3.5","-","N/A",NA,"Partly Cloudy",180,"2016-10-12 12:54:00"
"345",2016-10-12 09:54:00,"9:54 AM",55.9,46.9,72,30.4,10,"South","4.6","-","N/A",NA,"Partly Cloudy",180,"2016-10-12 13:54:00"
"346",2016-10-12 10:54:00,"10:54 AM",59,48,67,30.39,10,"SSE","6.9","-","N/A",NA,"Partly Cloudy",150,"2016-10-12 14:54:00"
"347",2016-10-12 11:54:00,"11:54 AM",60.1,48,64,30.37,10,"ESE","5.8","-","N/A",NA,"Partly Cloudy",120,"2016-10-12 15:54:00"
"348",2016-10-12 12:54:00,"12:54 PM",61,50,67,30.34,10,"East","11.5","-","N/A",NA,"Partly Cloudy",100,"2016-10-12 16:54:00"
"349",2016-10-12 13:54:00,"1:54 PM",62.1,48,60,30.32,10,"East","12.7","-","N/A",NA,"Scattered Clouds",90,"2016-10-12 17:54:00"
"350",2016-10-12 14:54:00,"2:54 PM",62.1,48,60,30.31,10,"East","12.7","-","N/A",NA,"Mostly Cloudy",90,"2016-10-12 18:54:00"
"351",2016-10-12 15:54:00,"3:54 PM",61,51.1,70,30.29,10,"East","12.7","-","N/A",NA,"Mostly Cloudy",100,"2016-10-12 19:54:00"
"352",2016-10-12 16:54:00,"4:54 PM",62.1,53.1,72,30.27,10,"ESE","12.7","-","N/A",NA,"Scattered Clouds",110,"2016-10-12 20:54:00"
"353",2016-10-12 17:54:00,"5:54 PM",60.1,53.1,78,30.25,10,"SE","10.4","-","N/A",NA,"Mostly Cloudy",130,"2016-10-12 21:54:00"
"354",2016-10-12 18:54:00,"6:54 PM",59,51.1,75,30.26,10,"SE","10.4","-","N/A",NA,"Scattered Clouds",140,"2016-10-12 22:54:00"
"355",2016-10-12 19:54:00,"7:54 PM",57,51.1,81,30.25,10,"SSE","10.4","-","N/A",NA,"Partly Cloudy",160,"2016-10-12 23:54:00"
"356",2016-10-12 20:54:00,"8:54 PM",55.9,48,75,30.27,10,"South","9.2","-","N/A",NA,"Partly Cloudy",180,"2016-10-13 00:54:00"
"357",2016-10-12 21:54:00,"9:54 PM",54,50,86,30.26,10,"South","9.2","-","N/A",NA,"Partly Cloudy",180,"2016-10-13 01:54:00"
"358",2016-10-12 22:54:00,"10:54 PM",53.1,51.1,93,30.25,10,"South","5.8","-","N/A",NA,"Partly Cloudy",180,"2016-10-13 02:54:00"
"359",2016-10-12 23:54:00,"11:54 PM",53.1,51.1,93,30.23,10,"South","6.9","-","N/A",NA,"Partly Cloudy",190,"2016-10-13 03:54:00"
"360",2016-10-13 00:54:00,"12:54 AM",52,51.1,97,30.21,10,"South","6.9","-","N/A","","Partly Cloudy",180,"2016-10-13 04:54:00"
"361",2016-10-13 01:54:00,"1:54 AM",52,51.1,97,30.18,10,"South","6.9","-","N/A","","Partly Cloudy",190,"2016-10-13 05:54:00"
"362",2016-10-13 02:54:00,"2:54 AM",52,51.1,97,30.16,10,"South","5.8","-","N/A","","Scattered Clouds",180,"2016-10-13 06:54:00"
"363",2016-10-13 03:54:00,"3:54 AM",54,52,93,30.15,10,"Calm","Calm","-","N/A","","Overcast",0,"2016-10-13 07:54:00"
"364",2016-10-13 04:54:00,"4:54 AM",55,53.1,93,30.14,10,"Calm","Calm","-","N/A","","Overcast",0,"2016-10-13 08:54:00"
"365",2016-10-13 05:54:00,"5:54 AM",55,53.1,93,30.13,10,"ESE","4.6","-","N/A","","Overcast",120,"2016-10-13 09:54:00"
"366",2016-10-13 06:54:00,"6:54 AM",55,53.1,93,30.13,10,"South","3.5","-","N/A","","Overcast",170,"2016-10-13 10:54:00"
"367",2016-10-13 07:38:00,"7:38 AM",55.9,54,93,30.12,10,"South","4.6","-","N/A","","Overcast",170,"2016-10-13 11:38:00"
"368",2016-10-13 07:54:00,"7:54 AM",55.9,54,93,30.12,10,"South","6.9","-","N/A","","Mostly Cloudy",170,"2016-10-13 11:54:00"
"369",2016-10-13 08:54:00,"8:54 AM",57.9,55,90,30.11,10,"South","5.8","-","N/A","","Scattered Clouds",170,"2016-10-13 12:54:00"
"370",2016-10-13 09:54:00,"9:54 AM",63,57.9,84,30.09,10,"South","8.1","-","N/A","","Mostly Cloudy",180,"2016-10-13 13:54:00"
"371",2016-10-13 10:54:00,"10:54 AM",64.9,57.9,78,30.06,10,"SW","8.1","-","N/A","","Mostly Cloudy",220,"2016-10-13 14:54:00"
"372",2016-10-13 11:10:00,"11:10 AM",64.9,57,75,30.06,10,"SW","10.4","-","N/A","","Mostly Cloudy",230,"2016-10-13 15:10:00"
"373",2016-10-13 11:54:00,"11:54 AM",68,55.9,65,30.04,10,"SSW","13.8","18.4","N/A","","Mostly Cloudy",210,"2016-10-13 15:54:00"
"374",2016-10-13 12:54:00,"12:54 PM",69.1,55,61,30.01,10,"SSW","16.1","-","N/A","","Mostly Cloudy",210,"2016-10-13 16:54:00"
"375",2016-10-13 13:54:00,"1:54 PM",71.1,55,57,29.98,10,"SSW","12.7","-","N/A","","Mostly Cloudy",200,"2016-10-13 17:54:00"
"376",2016-10-13 14:54:00,"2:54 PM",71.1,53.1,53,29.96,10,"SW","13.8","-","N/A","","Mostly Cloudy",220,"2016-10-13 18:54:00"
"377",2016-10-13 15:54:00,"3:54 PM",70,52,53,29.96,10,"SW","12.7","-","N/A","","Mostly Cloudy",230,"2016-10-13 19:54:00"
"378",2016-10-13 16:54:00,"4:54 PM",69.1,51.1,53,29.96,10,"WSW","12.7","-","N/A","","Mostly Cloudy",240,"2016-10-13 20:54:00"
"379",2016-10-13 17:54:00,"5:54 PM",68,52,56,29.97,10,"WSW","12.7","-","0.00","Rain","Light Rain",240,"2016-10-13 21:54:00"
"380",2016-10-13 18:54:00,"6:54 PM",64.9,55.9,73,29.99,10,"West","11.5","-","0.00","Rain","Light Rain",270,"2016-10-13 22:54:00"
"381",2016-10-13 19:54:00,"7:54 PM",64,55.9,75,30.01,10,"WNW","11.5","-","0.00","","Overcast",290,"2016-10-13 23:54:00"
"382",2016-10-13 20:54:00,"8:54 PM",63,55,75,30.03,10,"West","10.4","-","N/A","","Partly Cloudy",280,"2016-10-14 00:54:00"
"383",2016-10-13 21:54:00,"9:54 PM",61,53.1,75,30.05,10,"WNW","11.5","-","N/A","","Partly Cloudy",290,"2016-10-14 01:54:00"
"384",2016-10-13 22:54:00,"10:54 PM",60.1,52,75,30.07,10,"WNW","12.7","-","N/A","","Partly Cloudy",290,"2016-10-14 02:54:00"
"385",2016-10-13 23:54:00,"11:54 PM",57.9,50,75,30.09,10,"NW","13.8","-","N/A","","Partly Cloudy",310,"2016-10-14 03:54:00"
"386",2016-10-14 00:54:00,"12:54 AM",55,45,69,30.11,10,"NNW","16.1","20.7","N/A",NA,"Clear",340,"2016-10-14 04:54:00"
"387",2016-10-14 01:54:00,"1:54 AM",52,39,61,30.14,10,"NW","20.7","27.6","N/A",NA,"Clear",320,"2016-10-14 05:54:00"
"388",2016-10-14 02:54:00,"2:54 AM",50,37,61,30.14,10,"NW","16.1","25.3","N/A",NA,"Clear",320,"2016-10-14 06:54:00"
"389",2016-10-14 03:54:00,"3:54 AM",48.9,37,64,30.17,10,"NNW","15","24.2","N/A",NA,"Clear",330,"2016-10-14 07:54:00"
"390",2016-10-14 04:54:00,"4:54 AM",48,36,63,30.19,10,"NNW","13.8","24.2","N/A",NA,"Clear",330,"2016-10-14 08:54:00"
"391",2016-10-14 05:54:00,"5:54 AM",46.9,34,61,30.22,10,"NW","15","24.2","N/A",NA,"Clear",320,"2016-10-14 09:54:00"
"392",2016-10-14 06:54:00,"6:54 AM",46,33.1,61,30.25,10,"NNW","10.4","20.7","N/A",NA,"Partly Cloudy",330,"2016-10-14 10:54:00"
"393",2016-10-14 07:54:00,"7:54 AM",46.9,33.1,59,30.29,10,"NNW","13.8","-","N/A",NA,"Partly Cloudy",330,"2016-10-14 11:54:00"
"394",2016-10-14 08:54:00,"8:54 AM",48,33.1,56,30.3,10,"NNW","11.5","-","N/A",NA,"Partly Cloudy",330,"2016-10-14 12:54:00"
"395",2016-10-14 09:54:00,"9:54 AM",50,33.1,52,30.32,10,"North","12.7","-","N/A",NA,"Partly Cloudy",350,"2016-10-14 13:54:00"
"396",2016-10-14 10:54:00,"10:54 AM",52,33.1,49,30.33,10,"North","9.2","-","N/A",NA,"Partly Cloudy",360,"2016-10-14 14:54:00"
"397",2016-10-14 11:54:00,"11:54 AM",55,34,45,30.33,10,"North","9.2","-","N/A",NA,"Partly Cloudy",360,"2016-10-14 15:54:00"
"398",2016-10-14 12:54:00,"12:54 PM",55.9,33.1,42,30.31,10,"NW","6.9","-","N/A",NA,"Partly Cloudy",320,"2016-10-14 16:54:00"
"399",2016-10-14 13:54:00,"1:54 PM",57.9,33.1,39,30.3,10,"WNW","8.1","-","N/A",NA,"Partly Cloudy",300,"2016-10-14 17:54:00"
"400",2016-10-14 14:54:00,"2:54 PM",59,32,36,30.3,10,"North","6.9","-","N/A",NA,"Partly Cloudy",360,"2016-10-14 18:54:00"
"401",2016-10-14 15:54:00,"3:54 PM",59,30.9,35,30.3,10,"NW","8.1","-","N/A",NA,"Partly Cloudy",320,"2016-10-14 19:54:00"
"402",2016-10-14 16:54:00,"4:54 PM",55,39.9,57,30.31,10,"East","9.2","-","N/A",NA,"Clear",80,"2016-10-14 20:54:00"
"403",2016-10-14 17:54:00,"5:54 PM",53.1,39,59,30.32,10,"ENE","5.8","-","N/A",NA,"Partly Cloudy",70,"2016-10-14 21:54:00"
"404",2016-10-14 18:54:00,"6:54 PM",52,39.9,63,30.34,10,"ENE","3.5","-","N/A",NA,"Partly Cloudy",60,"2016-10-14 22:54:00"
"405",2016-10-14 19:54:00,"7:54 PM",52,41,66,30.35,10,"North","5.8","-","N/A",NA,"Clear",10,"2016-10-14 23:54:00"
"406",2016-10-14 20:54:00,"8:54 PM",53.1,37,55,30.37,10,"North","5.8","-","N/A",NA,"Clear",360,"2016-10-15 00:54:00"
"407",2016-10-14 21:54:00,"9:54 PM",52,34,50,30.39,10,"NNE","6.9","-","N/A",NA,"Clear",20,"2016-10-15 01:54:00"
"408",2016-10-14 22:54:00,"10:54 PM",48.9,33.1,54,30.39,10,"North","4.6","-","N/A",NA,"Clear",350,"2016-10-15 02:54:00"
"409",2016-10-14 23:54:00,"11:54 PM",48,30.9,52,30.39,10,"NNW","9.2","-","N/A",NA,"Clear",330,"2016-10-15 03:54:00"
